"Path","Platform","Compiled","Cooked","Permutations","Compiletime","CompiledDouble","CookedDouble"
"/Game/Realistic_Starter_VFX_Pack_Vol2/Materials/M_Mud.M_Mud","0","0","60","1","0.000000","0","0"
"/Game/Realistic_Starter_VFX_Pack_Vol2/Materials/M_Derbis.M_Derbis","0","0","28","1","0.000000","0","0"
"/Game/Realistic_Starter_VFX_Pack_Vol2/Materials/M_Basic_Shape.M_Basic_Shape","0","0","46","1","0.000000","0","0"
"/ControlRig/Controls/ControlRigGizmoMaterial.ControlRigGizmoMaterial","0","0","4","1","0.000000","0","0"
"/Engine/EngineDebugMaterials/DebugEditorMaterial.DebugEditorMaterial","0","0","6","1","0.000000","0","0"
"/Engine/EngineMaterials/GizmoMaterial.GizmoMaterial","0","0","6","1","0.000000","0","0"
"/Engine/EngineDebugMaterials/DebugMeshMaterial.DebugMeshMaterial","0","0","9","1","0.000000","0","0"
"/Engine/EngineMaterials/RemoveSurfaceMaterial.RemoveSurfaceMaterial","0","0","4","1","0.000000","0","0"
"/Game/City_of_Brass_Props/Materials/base_material.base_material","0","0","60","1","0.000000","0","60"
"/HairStrands/Materials/HairMeshesDefaultMaterial.HairMeshesDefaultMaterial","0","0","63","1","0.000000","0","0"
"/HairStrands/Materials/HairCardsDefaultMaterial.HairCardsDefaultMaterial","0","0","104","1","0.000000","0","0"
"/HairStrands/Materials/HairDefaultMaterial.HairDefaultMaterial","0","0","63","1","0.000000","0","0"
"/Engine/EngineDebugMaterials/M_SimpleUnlitTranslucent.M_SimpleUnlitTranslucent","0","0","9","1","0.000000","0","0"
"/Engine/EditorMaterials/Camera/CineMat.CineMat","0","0","28","1","0.000000","0","0"
"/Engine/VREditor/TransformGizmo/Xray.Xray","0","0","14","1","0.000000","0","0"
"/Engine/VREditor/TransformGizmo/Main.Main","0","0","9","1","0.000000","0","0"
"/Engine/VREditor/TransformGizmo/TranslucentTransformGizmoMaterial.TranslucentTransformGizmoMaterial","0","0","9","1","0.000000","0","0"
"/Game/LevelPrototyping/Materials/M_Solid.M_Solid","0","0","28","1","0.000000","0","0"
"/Engine/EngineMaterials/DefaultLightFunctionMaterial.DefaultLightFunctionMaterial","0","0","43","1","0.000000","0","0"
"/Game/Construction_VOL2/Materials/Masters/MM_PP_Sharpen.MM_PP_Sharpen","0","0","6","1","0.000000","0","6"
"/Game/UE5_RawAsset/Models/WorldGridMaterial.WorldGridMaterial","0","0","14","1","0.000000","0","0"
"/Game/UE5_RawAsset/Models/01_-_Default.01_-_Default","0","0","14","1","0.000000","0","0"
"/Game/StarterContent/Props/Materials/M_MaterialSphere_Plain.M_MaterialSphere_Plain","0","0","14","1","0.000000","0","0"
"/Game/StarterContent/Props/Materials/M_MaterialSphere.M_MaterialSphere","0","0","14","1","0.000000","0","0"
"/Game/StarterContent/Particles/Materials/m_flare_01.m_flare_01","0","0","36","1","0.000000","0","0"
"/Game/StarterContent/Materials/M_Glass.M_Glass","0","0","37","1","0.000000","0","0"
"/Game/City_of_Brass_Enviroment/Materials/Lum_material.Lum_material","0","0","74","1","0.000000","0","0"
"/Game/StarterContent/Materials/M_Basic_Wall.M_Basic_Wall","0","0","23","1","0.000000","0","23"
"/Game/StarterContent/Materials/M_Basic_Floor.M_Basic_Floor","0","0","23","1","0.000000","0","23"
"/Game/StarterContent/Materials/M_AssetPlatform.M_AssetPlatform","0","0","23","1","0.000000","0","0"
"/Game/StarterContent/Blueprints/Assets/M_LightStage_Arrows.M_LightStage_Arrows","0","0","4","1","0.000000","0","0"
"/Game/A_Surface_Footstep/Environment_Assets/Materials/M_white.M_white","0","0","52","1","0.000000","0","0"
"/Game/A_Surface_Footstep/Environment_Assets/Materials/M_MaterialSphere_Plain.M_MaterialSphere_Plain","0","0","23","1","0.000000","0","0"
"/Game/A_Surface_Footstep/Environment_Assets/Materials/M_MaterialSphere.M_MaterialSphere","0","0","23","1","0.000000","0","0"
"/Game/A_Surface_Footstep/Environment_Assets/Materials/M_DemoWall.M_DemoWall","0","0","89","1","0.000000","0","0"
"/Game/A_Surface_Footstep/Environment_Assets/Materials/lambert1.lambert1","0","0","14","1","0.000000","0","0"
"/Game/A_Surface_Footstep/Environment_Assets/CubeMaterial.CubeMaterial","0","0","23","1","0.000000","0","0"
"/Engine/BasicShapes/BasicShapeMaterial.BasicShapeMaterial","0","0","84","1","0.000000","0","0"
"/Engine/EngineSky/M_SimpleSkyDome.M_SimpleSkyDome","0","0","4","1","0.000000","0","0"
"/Engine/EditorMeshes/ColorCalibrator/M_ChromeBall.M_ChromeBall","0","0","37","1","0.000000","0","0"
"/Engine/EditorMeshes/ColorCalibrator/M_ClearCoat.M_ClearCoat","0","0","23","1","0.000000","0","0"
"/Engine/EditorMeshes/ColorCalibrator/M_ClearCoatBlack.M_ClearCoatBlack","0","0","23","1","0.000000","0","0"
"/Engine/EditorMeshes/ColorCalibrator/M_GreyBall.M_GreyBall","0","0","23","1","0.000000","0","0"
"/Engine/TemplateResources/M_Template_Master.M_Template_Master","0","0","37","1","0.000000","0","0"
"/Engine/EngineMaterials/FlattenMaterial_WS_Normal_VT.FlattenMaterial_WS_Normal_VT","0","0","132","2","0.000000","0","0"
"/Engine/EngineMaterials/FlattenMaterial_VT.FlattenMaterial_VT","0","0","66","1","0.000000","0","0"
"/Game/Megascans/Surfaces/Old_Decorative_Wallpaper_ufsnfccfw/T_Old_Decorative_Wallpaper_ufsnfccfw_2K_Mat.T_Old_Decorative_Wallpaper_ufsnfccfw_2K_Mat","0","0","14","1","0.000000","0","0"
"/Engine/EngineMaterials/FlattenMaterial.FlattenMaterial","0","0","132","2","0.000000","0","0"
"/Engine/EngineMaterials/M_InvalidLightmapSettings.M_InvalidLightmapSettings","0","0","28","1","0.000000","0","0"
"/Engine/EngineMaterials/EmissiveMeshMaterial.EmissiveMeshMaterial","0","0","9","1","0.000000","0","0"
"/Game/City_of_Brass_Props/Materials/Cloth_Substance_material.Cloth_Substance_material","0","0","90","2","0.000000","0","0"
"/Engine/EngineDebugMaterials/M_VolumeRenderSphereTracePP.M_VolumeRenderSphereTracePP","0","0","6","1","0.000000","0","0"
"/Game/City_of_Brass_Props/Materials/ColourSheet_Material.ColourSheet_Material","0","0","60","1","0.000000","0","0"
"/Engine/EngineMaterials/PhAT_JointLimitMaterial.PhAT_JointLimitMaterial","0","0","13","1","0.000000","0","0"
"/ControlRig/M_Manip.M_Manip","0","0","13","1","0.000000","0","0"
"/Paper2D/DefaultSpriteMaterial.DefaultSpriteMaterial","0","0","75","2","0.000000","0","0"
"/Game/City_of_Brass_Enviroment/Materials/Streaks01_D_Mat.Streaks01_D_Mat","0","0","33","1","0.000000","0","0"
"/Engine/VREditor/TransformGizmo/TransformGizmoMaterial.TransformGizmoMaterial","0","0","4","1","0.000000","0","0"
"/Game/City_of_Brass_Enviroment/Materials/Enviro_Substance_Material.Enviro_Substance_Material","0","0","74","1","0.000000","0","0"
"/Engine/EditorMaterials/WorldPartition/WorldPartitionSpatialHashGridPreviewMaterial.WorldPartitionSpatialHashGridPreviewMaterial","0","0","6","1","0.000000","0","0"
"/HairStrands/Materials/HairDebugMaterial.HairDebugMaterial","0","0","104","1","0.000000","0","0"
"/Engine/EngineSky/VolumetricClouds/m_SimpleVolumetricCloud.m_SimpleVolumetricCloud","0","0","56","1","0.000000","0","0"
"/Game/City_of_Brass_Enviroment/Materials/Pattern01_Mat.Pattern01_Mat","0","0","44","1","0.000000","0","0"
"/Engine/EngineMaterials/DefaultPostProcessMaterial.DefaultPostProcessMaterial","0","0","10","1","0.000000","0","0"
"/Engine/EngineMaterials/DefaultDeferredDecalMaterial.DefaultDeferredDecalMaterial","0","0","101","1","0.000000","0","0"
"/Game/City_of_Brass_Enviroment/Materials/Enviro_Substance_Emissive_Mat.Enviro_Substance_Emissive_Mat","0","0","74","1","0.000000","0","0"
"/Engine/EngineMaterials/DefaultMaterial.DefaultMaterial","0","0","167","1","0.000000","0","0"
"/Engine/EngineMaterials/WorldGridMaterial.WorldGridMaterial","0","0","1342","1","0.000000","0","86"
"/Game/Construction_VOL2/Materials/Masters/MM_SkyBox.MM_SkyBox","0","0","4","1","0.000000","0","4"
"/Engine/EditorMaterials/GridMaterial.GridMaterial","0","0","14","1","0.000000","0","0"
"/Engine/EngineMaterials/DefaultTextMaterialOpaque.DefaultTextMaterialOpaque","0","0","31","1","0.000000","0","0"
"/Game/City_of_Brass_Enviroment/Materials/Lum_Pattern_material.Lum_Pattern_material","0","0","74","1","0.000000","0","0"
"/Engine/EngineMaterials/Widget3DPassThrough.Widget3DPassThrough","0","0","66","6","0.000000","0","9"
"/Game/City_of_Brass_Enviroment/Materials/Cloth_Substance_material.Cloth_Substance_material","0","0","126","2","0.000000","0","0"
"/Game/City_of_Brass_Enviroment/Materials/ArchWindow_D_Mat.ArchWindow_D_Mat","0","0","23","1","0.000000","0","0"
"/Game/Construction_VOL1/Materials/Masters/MM_Decal_01.MM_Decal_01","0","0","27","1","0.000000","0","0"
"/Game/City_of_Brass_Props/Materials/Enviro_Substance_PaintGlow_Material.Enviro_Substance_PaintGlow_Material","0","0","60","1","0.000000","0","0"
"/Game/City_of_Brass_Props/Materials/Enviro_Substance_Material.Enviro_Substance_Material","0","0","74","1","0.000000","0","0"
"/Game/City_of_Brass_Props/Materials/Lights_Mat.Lights_Mat","0","0","23","1","0.000000","0","0"
"/Game/City_of_Brass_Props/Materials/Enviro_Substance_Alpha_Material.Enviro_Substance_Alpha_Material","0","0","117","1","0.000000","0","0"
"/Game/StarterContent/Particles/Materials/M_Heat_Distortion.M_Heat_Distortion","0","0","33","1","0.000000","0","0"
"/Game/StarterContent/Props/Materials/M_TableRound.M_TableRound","0","0","23","1","0.000000","0","0"
"/Game/StarterContent/Props/Materials/M_StatueGlass.M_StatueGlass","0","0","37","1","0.000000","0","0"
"/Game/StarterContent/Props/Materials/M_Statue.M_Statue","0","0","23","1","0.000000","0","0"
"/Game/StarterContent/Particles/Materials/M_Spark.M_Spark","0","0","27","1","0.000000","0","0"
"/Game/StarterContent/Particles/Materials/M_smoke_subUV.M_smoke_subUV","0","0","72","1","0.000000","0","0"
"/Game/StarterContent/Props/Materials/M_Shelf.M_Shelf","0","0","23","1","0.000000","0","0"
"/Game/StarterContent/Materials/M_Wood_Floor_Walnut_Polished.M_Wood_Floor_Walnut_Polished","0","0","23","1","0.000000","0","0"
"/Game/StarterContent/Materials/M_Water_Lake.M_Water_Lake","0","0","23","1","0.000000","0","0"
"/Game/StarterContent/Materials/M_Rock_Marble_Polished.M_Rock_Marble_Polished","0","0","23","1","0.000000","0","0"
"/Game/StarterContent/Materials/M_Wood_Walnut.M_Wood_Walnut","0","0","23","1","0.000000","0","0"
"/Game/StarterContent/Materials/M_Wood_Pine.M_Wood_Pine","0","0","23","1","0.000000","0","0"
"/Game/StarterContent/Materials/M_Wood_Oak.M_Wood_Oak","0","0","23","1","0.000000","0","0"
"/Game/StarterContent/Materials/M_Tech_Panel.M_Tech_Panel","0","0","23","1","0.000000","0","0"
"/Game/StarterContent/Materials/M_Tech_Hex_Tile_Pulse.M_Tech_Hex_Tile_Pulse","0","0","23","1","0.000000","0","0"
"/Game/StarterContent/Materials/M_Rock_Slate.M_Rock_Slate","0","0","23","1","0.000000","0","0"
"/Game/StarterContent/Materials/M_Rock_Sandstone.M_Rock_Sandstone","0","0","23","1","0.000000","0","0"
"/Game/StarterContent/Materials/M_Rock_Basalt.M_Rock_Basalt","0","0","23","1","0.000000","0","0"
"/Game/StarterContent/Materials/M_Metal_Steel.M_Metal_Steel","0","0","23","1","0.000000","0","0"
"/Game/StarterContent/Materials/M_Metal_Gold.M_Metal_Gold","0","0","23","1","0.000000","0","0"
"/Game/StarterContent/Materials/M_Metal_Copper.M_Metal_Copper","0","0","23","1","0.000000","0","0"
"/Game/StarterContent/Materials/M_Metal_Chrome.M_Metal_Chrome","0","0","23","1","0.000000","0","0"
"/Game/StarterContent/Materials/M_Metal_Burnished_Steel.M_Metal_Burnished_Steel","0","0","23","1","0.000000","0","0"
"/Game/StarterContent/Materials/M_Metal_Brushed_Nickel.M_Metal_Brushed_Nickel","0","0","23","1","0.000000","0","0"
"/Game/StarterContent/Props/Materials/M_Lamp.M_Lamp","0","0","23","1","0.000000","0","0"
"/Game/StarterContent/Materials/M_Ground_Moss.M_Ground_Moss","0","0","23","1","0.000000","0","0"
"/Game/StarterContent/Materials/M_Ground_Gravel.M_Ground_Gravel","0","0","23","1","0.000000","0","0"
"/Game/StarterContent/Materials/M_Ground_Grass.M_Ground_Grass","0","0","23","1","0.000000","0","0"
"/Game/StarterContent/Props/Materials/M_Frame.M_Frame","0","0","23","1","0.000000","0","0"
"/Game/StarterContent/Particles/Materials/M_Fire_SubUV.M_Fire_SubUV","0","0","27","1","0.000000","0","0"
"/Game/StarterContent/Particles/Materials/M_explosion_subUV.M_explosion_subUV","0","0","27","1","0.000000","0","0"
"/Game/StarterContent/Particles/Materials/M_Dust_Particle.M_Dust_Particle","0","0","96","1","0.000000","0","0"
"/Game/StarterContent/Props/Materials/M_Door.M_Door","0","0","23","1","0.000000","0","0"
"/Game/StarterContent/Materials/M_Concrete_Tiles.M_Concrete_Tiles","0","0","23","1","0.000000","0","0"
"/Game/StarterContent/Materials/M_Concrete_Poured.M_Concrete_Poured","0","0","23","1","0.000000","0","0"
"/Game/StarterContent/Materials/M_Concrete_Panels.M_Concrete_Panels","0","0","23","1","0.000000","0","0"
"/Game/StarterContent/Materials/M_Concrete_Grime.M_Concrete_Grime","0","0","23","1","0.000000","0","0"
"/Game/StarterContent/Materials/M_CobbleStone_Smooth.M_CobbleStone_Smooth","0","0","23","1","0.000000","0","0"
"/Game/StarterContent/Materials/M_CobbleStone_Rough.M_CobbleStone_Rough","0","0","23","1","0.000000","0","0"
"/Game/City_of_Brass_Enviroment/Materials/M_Streaks_Decal.M_Streaks_Decal","0","0","66","1","0.000000","0","0"
"/Game/StarterContent/Materials/M_CobbleStone_Pebble.M_CobbleStone_Pebble","0","0","23","1","0.000000","0","0"
"/Game/City_of_Brass_Enviroment/Materials/Enviro_Substance_Alpha_Material.Enviro_Substance_Alpha_Material","0","0","117","1","0.000000","0","0"
"/Game/StarterContent/Materials/M_Tech_Checker_Dot.M_Tech_Checker_Dot","0","0","23","1","0.000000","0","0"
"/Game/StarterContent/Props/Materials/M_Chair.M_Chair","0","0","23","1","0.000000","0","0"
"/Game/StarterContent/Materials/M_Ceramic_Tile_Checker.M_Ceramic_Tile_Checker","0","0","23","1","0.000000","0","0"
"/Game/StarterContent/Props/Materials/M_Bush.M_Bush","0","0","44","1","0.000000","0","0"
"/Game/StarterContent/Particles/Materials/M_Burst.M_Burst","0","0","33","1","0.000000","0","0"
"/Game/StarterContent/Materials/M_Brick_Hewn_Stone.M_Brick_Hewn_Stone","0","0","23","1","0.000000","0","0"
"/Game/StarterContent/Materials/M_Brick_Cut_Stone.M_Brick_Cut_Stone","0","0","23","1","0.000000","0","0"
"/Game/StarterContent/Materials/M_Brick_Clay_Old.M_Brick_Clay_Old","0","0","23","1","0.000000","0","0"
"/Game/StarterContent/Materials/M_Brick_Clay_New.M_Brick_Clay_New","0","0","23","1","0.000000","0","0"
"/Game/StarterContent/Materials/M_Brick_Clay_Beveled.M_Brick_Clay_Beveled","0","0","23","1","0.000000","0","0"
"/Game/Realistic_Starter_VFX_Pack_Vol2/Materials/M_Bubble_B.M_Bubble_B","0","0","27","1","0.000000","0","0"
"/Game/Realistic_Starter_VFX_Pack_Vol2/Materials/M_Water_Splat.M_Water_Splat","0","0","27","1","0.000000","0","0"
"/Game/Realistic_Starter_VFX_Pack_Vol2/Materials/M_Slash.M_Slash","0","0","27","1","0.000000","0","0"
"/Game/Realistic_Starter_VFX_Pack_Vol2/Materials/M_Smoke_Ground_C.M_Smoke_Ground_C","0","0","72","1","0.000000","0","0"
"/Game/Realistic_Starter_VFX_Pack_Vol2/Materials/M_Splat_A.M_Splat_A","0","0","27","1","0.000000","0","0"
"/Game/Realistic_Starter_VFX_Pack_Vol2/Materials/M_Blood_C.M_Blood_C","0","0","45","1","0.000000","0","0"
"/Game/Realistic_Starter_VFX_Pack_Vol2/Materials/M_Glow_C.M_Glow_C","0","0","36","1","0.000000","0","0"
"/Game/Realistic_Starter_VFX_Pack_Vol2/Materials/M_Smoke_Wisp.M_Smoke_Wisp","0","0","72","1","0.000000","0","0"
"/Game/Realistic_Starter_VFX_Pack_Vol2/Materials/M_Smoke_Puff_A.M_Smoke_Puff_A","0","0","72","1","0.000000","0","0"
"/Game/Realistic_Starter_VFX_Pack_Vol2/Materials/M_Smoke_Ground.M_Smoke_Ground","0","0","72","1","0.000000","0","0"
"/Game/Realistic_Starter_VFX_Pack_Vol2/Materials/M_Smoke_Ground_B.M_Smoke_Ground_B","0","0","72","1","0.000000","0","0"
"/Game/Realistic_Starter_VFX_Pack_Vol2/Materials/M_Smoke_A.M_Smoke_A","0","0","96","1","0.000000","0","0"
"/Game/Realistic_Starter_VFX_Pack_Vol2/Materials/M_Smoke_C.M_Smoke_C","0","0","72","1","0.000000","0","0"
"/Game/Realistic_Starter_VFX_Pack_Vol2/Materials/M_Rock_B.M_Rock_B","0","0","120","1","0.000000","0","0"
"/Game/Realistic_Starter_VFX_Pack_Vol2/Materials/M_Paper.M_Paper","0","0","72","1","0.000000","0","0"
"/Game/Realistic_Starter_VFX_Pack_Vol2/Materials/M_Heat_Distortion.M_Heat_Distortion","0","0","33","1","0.000000","0","0"
"/Game/Realistic_Starter_VFX_Pack_Vol2/Materials/M_WaterDrop_B.M_WaterDrop_B","0","0","87","1","0.000000","0","0"
"/Game/Realistic_Starter_VFX_Pack_Vol2/Materials/M_Wood.M_Wood","0","0","120","1","0.000000","0","0"
"/Game/Realistic_Starter_VFX_Pack_Vol2/Materials/M_Lightning_small.M_Lightning_small","0","0","27","1","0.000000","0","0"
"/Game/Realistic_Starter_VFX_Pack_Vol2/Materials/M_Impact_B.M_Impact_B","0","0","27","1","0.000000","0","0"
"/Game/Realistic_Starter_VFX_Pack_Vol2/Materials/M_Impact_C.M_Impact_C","0","0","27","1","0.000000","0","0"
"/Game/Realistic_Starter_VFX_Pack_Vol2/Materials/M_Glass.M_Glass","0","0","72","1","0.000000","0","0"
"/Game/Realistic_Starter_VFX_Pack_Vol2/Materials/M_Glow_D.M_Glow_D","0","0","27","1","0.000000","0","0"
"/Game/Realistic_Starter_VFX_Pack_Vol2/Materials/M_spark_C.M_Spark_C","0","0","27","1","0.000000","0","0"
"/Game/Realistic_Starter_VFX_Pack_Vol2/Materials/M_Spark_A.M_Spark_A","0","0","27","1","0.000000","0","0"
"/Game/Realistic_Starter_VFX_Pack_Vol2/Materials/M_Fire_B.M_Fire_B","0","0","27","1","0.000000","0","0"
"/Game/Realistic_Starter_VFX_Pack_Vol2/Materials/M_Fire_C.M_Fire_C","0","0","27","1","0.000000","0","0"
"/Game/Realistic_Starter_VFX_Pack_Vol2/Materials/M_Flies.M_Flies","0","0","72","1","0.000000","0","0"
"/Game/Realistic_Starter_VFX_Pack_Vol2/Materials/M_Explosion_E.M_Explosion_E","0","0","27","1","0.000000","0","0"
"/Game/Realistic_Starter_VFX_Pack_Vol2/Materials/M_Explosion_i.M_Explosion_I","0","0","96","1","0.000000","0","0"
"/Game/Realistic_Starter_VFX_Pack_Vol2/Materials/M_Explosion_G.M_Explosion_G","0","0","96","1","0.000000","0","0"
"/Game/Realistic_Starter_VFX_Pack_Vol2/Materials/M_Explosion_D.M_Explosion_D","0","0","96","1","0.000000","0","0"
"/Game/Realistic_Starter_VFX_Pack_Vol2/Materials/M_Explosion_B.M_Explosion_B","0","0","72","1","0.000000","0","0"
"/Game/Realistic_Starter_VFX_Pack_Vol2/Materials/M_WaterDrop_A.M_WaterDrop_A","0","0","87","1","0.000000","0","0"
"/Game/Realistic_Starter_VFX_Pack_Vol2/Materials/M_Impact_A.M_Impact_A","0","0","27","1","0.000000","0","0"
"/Game/Realistic_Starter_VFX_Pack_Vol2/Materials/M_Dirt_B.M_Dirt_B","0","0","72","1","0.000000","0","0"
"/Game/Realistic_Starter_VFX_Pack_Vol2/Materials/M_Dandelion.M_Dandelion","0","0","27","1","0.000000","0","0"
"/Game/Realistic_Starter_VFX_Pack_Vol2/Materials/M_Butterfly.M_Butterfly","0","0","27","1","0.000000","0","0"
"/Game/Realistic_Starter_VFX_Pack_Vol2/Materials/M_Bubble_pop.M_Bubble_Pop","0","0","27","1","0.000000","0","0"
"/Game/Realistic_Starter_VFX_Pack_Vol2/Materials/M_Bubble.M_Bubble","0","0","27","1","0.000000","0","0"
"/Game/Realistic_Starter_VFX_Pack_Vol2/Materials/M_WaterDrop.M_WaterDrop","0","0","87","1","0.000000","0","0"
"/Game/A_Surface_Footstep/Niagara_FX/Materials/M_WaterWave.M_WaterWave","0","0","120","1","0.000000","0","0"
"/Game/A_Surface_Footstep/Niagara_FX/Materials/M_Glow.M_Glow","0","0","45","1","0.000000","0","0"
"/Game/A_Surface_Footstep/Niagara_FX/Materials/M_Single_Master.M_Single_Master","0","0","54","1","0.000000","0","0"
"/Game/A_Surface_Footstep/Niagara_FX/Materials/M_Spark_sheet.M_Spark_sheet","0","0","45","1","0.000000","0","0"
"/Game/A_Surface_Footstep/Niagara_FX/Materials/M_MuzzleFlash_Master.M_MuzzleFlash_Master","0","0","240","2","0.000000","0","0"
"/Game/A_Surface_Footstep/Niagara_FX/Materials/M_General_Leaf.M_General_Leaf","0","0","240","2","0.000000","0","0"
"/Game/A_Surface_Footstep/Niagara_FX/Materials/M_General_Debris.M_General_Debris","0","0","120","1","0.000000","0","0"
"/Game/A_Surface_Footstep/Niagara_FX/Materials/M_SnowSplash.M_SnowSplash","0","0","120","1","0.000000","0","0"
"/Game/A_Surface_Footstep/Niagara_FX/Materials/M_Refraction.M_Refraction","0","0","88","2","0.000000","0","0"
"/Game/A_Surface_Footstep/Niagara_FX/Materials/M_Droplets.M_Droplets","0","0","78","1","0.000000","0","0"
"/Game/A_Surface_Footstep/Niagara_FX/Materials/M_Burst1.M_Burst1","0","0","55","1","0.000000","0","0"
"/Game/A_Surface_Footstep/Niagara_FX/Materials/M_Burst.M_Burst","0","0","55","1","0.000000","0","0"
"/Game/A_Surface_Footstep/Environment_Assets/Materials/M_DemoRoomTiles.M_DemoRoomTiles","0","0","52","1","0.000000","0","0"
"/Game/A_Surface_Footstep/Environment_Assets/Materials/M_Ice.M_Ice","0","0","65","1","0.000000","0","0"
"/Game/A_Surface_Footstep/Environment_Assets/Materials/M_GlasDoor.M_GlasDoor","0","0","65","1","0.000000","0","0"
"/Game/A_Surface_Footstep/Environment_Assets/Materials/M_Wood_Walnut.M_Wood_Walnut","0","0","52","1","0.000000","0","0"
"/Game/A_Surface_Footstep/Environment_Assets/Materials/Leaves_floor.Leaves_floor","0","0","23","1","0.000000","0","0"
"/Game/A_Surface_Footstep/Environment_Assets/Materials/M_Ground_Rock.M_Ground_Rock","0","0","37","1","0.000000","0","0"
"/Game/A_Surface_Footstep/Environment_Assets/Materials/M_Ground_Mud.M_Ground_Mud","0","0","23","1","0.000000","0","0"
"/Game/A_Surface_Footstep/Environment_Assets/Materials/M_Ground_Gravel.M_Ground_Gravel","0","0","38","1","0.000000","0","0"
"/Game/A_Surface_Footstep/Environment_Assets/Materials/Dirt.Dirt","0","0","38","1","0.000000","0","0"
"/Game/A_Surface_Footstep/Environment_Assets/Materials/M_Ground_Grass.M_Ground_Grass","0","0","38","1","0.000000","0","0"
"/Game/A_Surface_Footstep/Environment_Assets/Materials/M_Asphalt.M_Asphalt","0","0","41","1","0.000000","0","0"
"/Game/A_Surface_Footstep/Geometry/M_Bush.M_Bush","0","0","44","1","0.000000","0","0"
"/Game/Realistic_Starter_VFX_Pack_Vol2/Materials/M_Leaves_A.M_Leaves_A","0","0","89","1","0.000000","0","0"
"/Game/City_of_Brass_Props/Materials/Foliage_mat.Foliage_mat","0","0","117","1","0.000000","0","0"
"/Game/City_of_Brass_Props/Materials/Candle_Animated_Mat.Candle_Animated_Mat","0","0","86","2","0.000000","0","0"
"/Game/City_of_Brass_Enviroment/Materials/Foliage_mat.Foliage_mat","0","0","117","1","0.000000","0","0"
"/Game/Realistic_Starter_VFX_Pack_Vol2/Materials/M_Fire_Splat.M_Fire_Splat","0","0","27","1","0.000000","0","0"
"/Game/Realistic_Starter_VFX_Pack_Vol2/Materials/M_Dirt_A.M_Dirt_A","0","0","72","1","0.000000","0","0"
"/Game/Realistic_Starter_VFX_Pack_Vol2/Materials/M_Distortion.M_Distortion","0","0","78","1","0.000000","0","0"
"/Engine/EngineMaterials/PPM_DefaultCalibrationGrayscale.PPM_DefaultCalibrationGrayscale","0","0","6","1","0.000000","0","0"
"/Engine/EngineMaterials/PPM_DefaultCalibrationColor.PPM_DefaultCalibrationColor","0","0","6","1","0.000000","0","0"
"/Engine/EditorMaterials/PreviewShadowIndicatorMaterial.PreviewShadowIndicatorMaterial","0","0","43","1","0.000000","0","0"
"/Bridge/MSPresets/M_MS_Imperfection_Material_Var/M_MS_Imperfection_Material_Var.M_MS_Imperfection_Material_Var","0","0","14","1","0.000000","0","0"
"/Game/A_Surface_Footstep/Niagara_FX/Materials/M_ThickSmoke.M_ThickSmoke","0","0","120","1","0.000000","0","0"
"/Game/A_Surface_Footstep/Niagara_FX/Materials/M_Splash_SubUV.M_Splash_SubUV","0","0","147","1","0.000000","0","147"
"/Game/A_Surface_Footstep/Niagara_FX/Materials/M_Splash_Solids.M_Splash_Solids","0","0","120","1","0.000000","0","0"
"/Game/A_Surface_Footstep/Niagara_FX/Materials/M_MistSnow.M_MistSnow","0","0","120","1","0.000000","0","0"
"/Game/A_Surface_Footstep/Niagara_FX/Materials/M_EnergySmoke.M_EnergySmoke","0","0","240","2","0.000000","0","0"
"/Bridge/MSPresets/M_MS_Default_Material/M_MS_Default_Material.M_MS_Default_Material","0","0","14","1","0.000000","0","0"
"/Game/City_of_Brass_Enviroment/Materials/Paint_Ground.Paint_Ground","0","0","42","1","0.000000","0","42"
"/Engine/EngineSky/M_Sky_Panning_Clouds2.M_Sky_Panning_Clouds2","0","0","4","1","0.000000","0","0"
"/Game/StarterContent/Props/Materials/M_Rock.M_Rock","0","0","23","1","0.000000","0","0"
"/Game/StarterContent/Materials/M_Water_Ocean.M_Water_Ocean","0","0","23","1","0.000000","0","0"
"/Game/StarterContent/Materials/M_Tech_Hex_Tile.M_Tech_Hex_Tile","0","0","23","1","0.000000","0","0"
"/Game/StarterContent/Materials/M_Metal_Rust.M_Metal_Rust","0","0","23","1","0.000000","0","0"
"/Game/A_Surface_Footstep/Niagara_FX/Materials/M_ReflectiveSplash.M_ReflectiveSplash","0","0","130","1","0.000000","0","0"
"/Game/A_Surface_Footstep/Environment_Assets/Materials/M_Water_Ocean_2.M_Water_Ocean_2","0","0","38","1","0.000000","0","0"
"/Game/City_of_Brass_Enviroment/Materials/water_Translucent_material.water_Translucent_material","0","0","46","1","0.000000","0","0"
"/Game/StarterContent/Particles/Materials/M_radial_ramp.M_radial_ramp","0","0","36","1","0.000000","0","0"
"/Game/StarterContent/Particles/Materials/M_Radial_Gradient.M_Radial_Gradient","0","0","36","1","0.000000","0","0"
"/Game/A_Surface_Footstep/Niagara_FX/Materials/M_Radial_Gradient.M_Radial_Gradient","0","0","54","1","0.000000","0","0"
"/Game/StarterContent/Materials/M_Wood_Floor_Walnut_Worn.M_Wood_Floor_Walnut_Worn","0","0","23","1","0.000000","0","0"
"/Game/StarterContent/Materials/M_ColorGrid_LowSpec.M_ColorGrid_LowSpec","0","0","23","1","0.000000","0","0"
"/Game/StarterContent/Blueprints/Assets/M_LightStage_Skybox_Master.M_LightStage_Skybox_Master","0","0","8","2","0.000000","0","0"
"/Game/A_Surface_Footstep/Niagara_FX/Materials/M_Splash_Refract.M_Splash_Refract","0","0","130","1","0.000000","0","0"
"/Game/A_Surface_Footstep/Niagara_FX/Materials/M_SolidDrop.M_SolidDrop","0","0","45","1","0.000000","0","0"
"/Engine/EngineMaterials/AntiAliasedTextMaterialTranslucent.AntiAliasedTextMaterialTranslucent","0","0","24","1","0.000000","0","0"
"/Engine/EditorMeshes/ColorCalibrator/M_ColorGrid.M_ColorGrid","0","0","23","1","0.000000","0","0"
"/SpeedTreeImporter/SpeedTree9/SpeedTreeBillboardMaster.SpeedTreeBillboardMaster","0","0","62","1","0.000000","0","0"
"/SpeedTreeImporter/SpeedTree9/SpeedTreeMaster.SpeedTreeMaster","0","0","88","1","0.000000","0","0"
"/Game/MSPresets/M_MS_Surface_Material/M_MS_Surface_Material.M_MS_Surface_Material","0","0","30","1","0.000000","0","30"
"/Game/Realistic_Starter_VFX_Pack_Vol2/Materials/M_Glow_B.M_Glow_B","0","0","27","1","0.000000","0","0"
"/Game/Realistic_Starter_VFX_Pack_Vol2/Materials/M_Glow_A.M_Glow_A","0","0","27","1","0.000000","0","0"
"/Game/Realistic_Starter_VFX_Pack_Vol2/Materials/M_Snow.M_Snow","0","0","27","1","0.000000","0","0"
"/Bridge/MSPresets/M_MS_Imperfection_Material/M_MS_Imperfection_Material.M_MS_Imperfection_Material","0","0","14","1","0.000000","0","0"
"/Game/Realistic_Starter_VFX_Pack_Vol2/Materials/M_Fish_A.M_Fish_A","0","0","118","1","0.000000","0","0"
"/Game/Characters/Mannequin_UE4/Materials/M_MannequinUE4_Body.M_MannequinUE4_Body","0","0","120","2","0.000000","0","0"
"/Game/A_Surface_Footstep/Mannequin/Character/Materials/M_UE4Man_Body.M_UE4Man_Body","0","0","120","2","0.000000","0","0"
"/Game/A_Surface_Footstep/Niagara_FX/Materials/M_whispOne_Master_directional_emissive.M_whispOne_Master_directional_emissive","0","0","240","2","0.000000","0","0"
"/Game/A_Surface_Footstep/Niagara_FX/Materials/M_DustySmallS.M_DustySmallS","0","0","120","1","0.000000","0","0"
"/Game/A_Surface_Footstep/Niagara_FX/Materials/M_DirectionalDust.M_DirectionalDust","0","0","120","1","0.000000","0","0"
"/Bridge/MSPresets/M_MS_Foliage_Material/M_MS_Foliage_Material.M_MS_Foliage_Material","0","0","31","1","0.000000","0","0"
"/Game/Construction_VOL2/Materials/Masters/MM_MasterMaterial_01.MM_MasterMaterial_01","0","0","234","5","0.000000","0","50"
"/Game/A_Surface_Footstep/Environment_Assets/Materials/M_Snow.M_Snow","0","0","52","1","0.000000","0","0"
"/Game/A_Surface_Footstep/Niagara_FX/Materials/M_SpeckledDust.M_SpeckledDust","0","0","120","1","0.000000","0","0"
"/Game/A_Surface_Footstep/Niagara_FX/Materials/M_Shards_Mat.M_Shards_Mat","0","0","130","1","0.000000","0","0"
"/Bridge/MSPresets/M_MS_Billboard_Material/M_MS_Billboard_Material.M_MS_Billboard_Material","0","0","62","1","0.000000","0","0"
"/Game/City_of_Brass_Enviroment/Materials/M_Flag.M_Flag","0","0","44","1","0.000000","0","0"
"/Game/City_of_Brass_Props/Materials/Useable_Shader.Useable_Shader","0","0","51","1","0.000000","0","0"
"/Game/City_of_Brass_Enviroment/Materials/Useable_Shader.Useable_Shader","0","0","51","1","0.000000","0","0"
"/Engine/EditorMaterials/Thumbnails/SkySphereMaterial.SkySphereMaterial","0","0","23","1","0.000000","0","0"
"/Water/Materials/PostProcessing/M_UnderWater_PostProcess_Volume.M_UnderWater_PostProcess_Volume","0","0","17","1","0.000000","0","0"
"/Bridge/MSPresets/M_MS_Surface_Material/M_MS_Surface_Material.M_MS_Surface_Material","0","0","14","1","0.000000","0","0"
"/Bridge/MSPresets/M_MS_Default_Fuzz_Material/M_MS_Default_Fuzz_Material.M_MS_Default_Fuzz_Material","0","0","14","1","0.000000","0","0"
"/Bridge/MSPresets/M_MS_Default_Transmission_Material/M_MS_Default_Transmission_Material.M_MS_Default_Transmission_Material","0","0","14","1","0.000000","0","0"
"/Game/Characters/Mannequins/Materials/M_Mannequin.M_Mannequin","0","0","96","3","0.000000","0","0"
"/Bridge/MSPresets/M_MS_Glass_Material/M_MS_Glass_Material.M_MS_Glass_Material","0","0","28","1","0.000000","0","0"
"/Game/LevelPrototyping/Materials/M_PrototypeGrid.M_PrototypeGrid","0","0","92","4","0.000000","0","0"
"/Game/Construction_VOL2/Materials/Masters/MM_Background_01a.MM_Background_01a","0","0","27","1","0.000000","0","0"
"/Game/Construction_VOL1/Materials/Masters/MM_MasterMaterial_01.MM_MasterMaterial_01","0","0","1192","14","0.000000","0","420"
"/Game/Construction_VOL1/Materials/Masters/MM_Background_01a.MM_Background_01a","0","0","40","1","0.000000","0","0"
"/Bridge/MSPresets/M_MS_SurfaceBlend_Material/M_MS_SurfaceBlend_Material.M_MS_SurfaceBlend_Material","0","0","14","1","0.000000","0","0"
"/Game/City_of_Brass_Enviroment/Materials/Enviro_WorldUV_Simple_Mat.Enviro_WorldUV_Simple_Mat","0","0","23","1","0.000000","0","0"
"/Game/City_of_Brass_Enviroment/Materials/Enviro_WorldUV_Mat.Enviro_WorldUV_Mat","0","0","42","1","0.000000","0","0"
"/Game/City_of_Brass_Props/Materials/Enviro_Int_WorldUV_Mat.Enviro_Int_WorldUV_Mat","0","0","69","1","0.000000","0","0"
"/Game/City_of_Brass_Enviroment/Materials/Ground_Tiles_Unwrap.Ground_Tiles_Unwrap","0","0","42","1","0.000000","0","0"
"/Game/City_of_Brass_Enviroment/Materials/Enviro_Int_WorldUV_Mat.Enviro_Int_WorldUV_Mat","0","0","69","1","0.000000","0","0"
"/Engine/OpenWorldTemplate/LandscapeMaterial/M_ProcGrid.M_ProcGrid","0","0","28","2","0.000000","0","0"
"/Bridge/MSPresets/M_MS_ImperfectionDecal_Material/M_MS_ImperfectionDecal_Material.M_MS_ImperfectionDecal_Material","0","0","27","1","0.000000","0","27"
"/Bridge/MSPresets/M_MS_Decal_Material/M_MS_Decal_Material.M_MS_Decal_Material","0","0","27","1","0.000000","0","27"
"/Water/Materials/WaterSurface/Water_Material.Water_Material","0","0","333","3","0.000000","0","111"
"/Landmass/Landscape/BlueprintBrushes/Materials/CacheDistanceField.CacheDistanceField","0","0","9","1","0.000000","0","0"
"/Water/Materials/Brushes/CompositeWaterBodyTexture.CompositeWaterBodyTexture","0","0","9","1","0.000000","0","0"
"/Water/Materials/Brushes/MeshBrush_Angle.MeshBrush_Angle","0","0","4","1","0.000000","0","0"
"/Water/Materials/Brushes/MeshBrush_Island.MeshBrush_Island","0","0","4","1","0.000000","0","0"
"/Water/Materials/Brushes/MeshBrush_Weightmap.MeshBrush_Weightmap","0","0","4","1","0.000000","0","0"
"/Water/Materials/Brushes/MeshBrush_Width.MeshBrush_Width","0","0","4","1","0.000000","0","0"
"/Landmass/DistanceFields/Materials/BlurEdges.BlurEdges","0","0","9","1","0.000000","0","0"
"/Landmass/DistanceFields/Materials/DetectEdges.DetectEdges","0","0","9","1","0.000000","0","0"
"/Landmass/Landscape/BlueprintBrushes/Materials/RenderSplineDepths.RenderSplineDepths","0","0","8","1","0.000000","0","0"
"/Water/Materials/Brushes/FinalizeWaterTexture.FinalizeWaterTexture","0","0","9","1","0.000000","0","0"
"/Landmass/DistanceFields/Materials/JumpFloodStep.JumpFloodStep","0","0","9","1","0.000000","0","0"
"/Water/Materials/Brushes/CanvasDrawing.CanvasDrawing","0","0","9","1","0.000000","0","0"
